﻿Designator,Footprint,Quantity,Value,LCSC Part #
C1,1206,1,100uf,
C2,0402,1,0.1uf,
"GND1, V_SUPPLY1",Power_Connector,2,Conn_01x05_Pin,
"INPUT1, OUTPUT1",PinSocket_1x05_P2.54mm_Vertical,2,Conn_01x05_Socket,
"R1, R2, R3, R4, R5, R7, R8",0402,7,1k,
"R10, R14, R16, R6",0402,4,1M,
"R11, R12",0402,2,200k,
R13,0402,1,100k,
R15,0402,1,510,
R17,0402,1,4.7k,
R9,0402,1,10k,
"RV1, RV2, RV3",Potentiometer_RV09,3,50k,
U1,VQFN-20-1EP_3x3mm_P0.4mm_EP1.7x1.7mm,1,ATtiny1616-M,
U2,SOIC-8-1EP_3.9x4.9mm_P1.27mm_EP2.29x3mm,1,MCP6002-xSN,
U3,VTL5C,1,VTL5C,
