﻿Designator,Footprint,Quantity,Value,LCSC Part #
"J1, J10, J11, J12, J13, J14, J15, J16, J17, J18, J19, J2, J20, J21, J22, J23, J24, J25, J26, J27, J28, J29, J3, J30, J31, J32, J4, J5, J6, J7, J8, J9",PinHeader_1x04_P2.54mm_Vertical,32,Conn_01x04_Pin,
"MCP6002_4, MCP6002_3, MCP6002_2, MCP6002",SOIC-8-1EP_3.9x4.9mm_P1.27mm_EP2.29x3mm,4,MCP6002-xSN,
"MCP6022_4, MCP6022_3, MCP6022_2, MCP6022",SOIC-8-1EP_3.9x4.9mm_P1.27mm_EP2.29x3mm,4,MCP6022,
"TL072_8, TL072_7, TL072_6, TL072_5, TL072_4, TL072_3, TL072_2, TL072",SOIC-8-1EP_3.9x4.9mm_P1.27mm_EP2.29x3mm,8,TL072,
