﻿Designator,Footprint,Quantity,Value,LCSC Part #
C1,1206,1,100uf,
C2,0402,1,100pf,
"C3, C4",0402,2,100nf,
"C5, C6",0402,2,10nf,
"GND1, V_SUPPLY1",Power_Connector,2,Conn_01x05_Pin,
"INPUT1, OUTPUT1",PinSocket_1x05_P2.54mm_Vertical,2,Conn_01x05_Socket,
R1,0402,1,4.7k,
"R2, R3, R4, R5, R7",0402,5,1k,
R6,0402,1,330,
R8,0402,1,22k,
RV1,Potentiometer_RV09,1,50k,
"RV2, RV3",Potentiometer_RV09,2,1M,
U1,VQFN-20-1EP_3x3mm_P0.4mm_EP1.7x1.7mm,1,ATtiny1616-M,
"U2, U3",SOIC-8-1EP_3.9x4.9mm_P1.27mm_EP2.29x3mm,2,MCP6002-xSN,
